exports,schooling,growth,concentration,lnpop,fractionalization,dominance,civil.war
0.189999997615814,10,-1.682000041008,0.916000008583069,16.2939796447754,132,YES,NO
0.193000003695488,16,2.84299993515015,0.916000008583069,16.4362602233887,132,YES,NO
0.268999993801117,26,4.98600006103516,0.916000008583069,16.5892200469971,132,YES,NO
0.368000000715256,40,3.26099991798401,0.916000008583069,16.7423801422119,132,YES,NO
0.170000001788139,59,1.60199999809265,0.916000008583069,16.9010391235352,132,YES,NO
0.179000005125999,67,-1.4650000333786,0.916000008583069,17.0347900390625,132,YES,YES
0.217999994754791,66,-1.52600002288818,0.912999987602234,17.1515998840332,132,YES,YES
0.202000007033348,6,2.63299989700317,0.648000001907349,15.4603204727173,4446,NO,YES
0.202000007033348,9,1.85099995136261,0.648000001907349,15.5361299514771,4446,NO,YES
0.360000014305115,10,-9.32100009918213,0.648000001907349,15.6275596618652,4134,NO,YES
0.48199999332428,21,-1.59399998188019,0.648000001907349,15.7641296386719,3822,NO,YES
0.479000002145767,14,1.03900003433228,0.648000001907349,15.8953304290771,3822,NO,YES
0.476000010967255,12,-2.35599994659424,0.648000001907349,16.0378608703613,3822,NO,YES
0.0480000004172325,26,2.34899997711182,0.857999980449677,16.9193305969238,434,YES,NO
0.0500000007450581,42,2.32599997520447,0.857999980449677,16.991979598999,434,YES,NO
0.0419999994337559,5,1.4210000038147,0.857999980449677,17.0754909515381,465,YES,NO
0.0799999982118607,52,1.44700002670288,0.857999980449677,17.1517791748047,496,YES,NO
0.0740000009536743,66,-4.01000022888184,0.857999980449677,17.2268199920654,496,YES,NO
0.061999998986721,66,-2.46799993515015,0.857999980449677,17.2975807189941,496,YES,NO
0.104999996721745,63,2.51099991798401,0.971000015735626,16.2480697631836,1716,YES,NO
0.0920000001788139,84,3.96199989318848,0.971000015735626,16.3418006896973,1716,YES,NO
0.0939999967813492,87,1.35000002384186,0.971000015735626,16.4468994140625,1848,YES,NO
0.0979999974370003,70,1.68700003623962,0.971000015735626,16.5028095245361,2013,YES,NO
0.105999998748302,79,1.62999999523163,0.971000015735626,16.5728607177734,2013,YES,NO
0.0769999995827675,80,1.23099994659424,0.971000015735626,16.6525497436523,2013,YES,NO
0.0890000015497208,147,2.01900005340576,0.971000015735626,16.709379196167,2013,YES,NO
0.0419999994337559,52,3.55699992179871,0.46399998664856,15.7972002029419,252,NO,NO
0.0390000008046627,71,4.0149998664856,0.46399998664856,15.8205003738403,252,NO,NO
0.028999999165535,73,3.47699999809265,0.46399998664856,15.8378496170044,252,NO,NO
0.0390000008046627,103,3.24300003051758,0.46399998664856,15.837459564209,252,NO,NO
0.0379999987781048,103,1.14999997615814,0.46399998664856,15.8377199172974,252,NO,NO
0.0320000015199184,107,2.62899994850159,0.46399998664856,15.8600597381592,252,NO,NO
0.0270000007003546,107,0.990000009536743,0.46399998664856,15.9008102416992,252,NO,NO
0.256999999284744,82,1.85500001907349,0.836000025272369,12.3544902801514,1034,YES,NO
0.114000000059605,94,-0.888999998569489,0.836000025272369,12.4521503448486,1034,YES,NO
0.112999998033047,88,-2.01999998092651,0.836000025272369,12.5353803634644,1034,YES,NO
0.00800000037997961,40,-5.81599998474121,0.337000012397766,18.1538696289062,1792,YES,NO
0.0179999992251396,26,2.51099991798401,0.337000012397766,18.2779598236084,1664,YES,NO
0.0209999997168779,26,2.27999997138977,0.337000012397766,18.4007606506348,1664,YES,NO
0.0179999992251396,28,2.67499995231628,0.337000012397766,18.5193290710449,1664,YES,NO
0.0900000035762787,77,4.11100006103516,0.499000012874603,16.0613098144531,825,YES,NO
0.104000002145767,82,4.21199989318848,0.499000012874603,16.0812206268311,825,YES,NO
0.0970000028610229,84,2.90400004386902,0.499000012874603,16.0973796844482,935,YES,NO
0.133000001311302,90,2.8510000705719,0.499000012874603,16.1026802062988,1045,YES,NO
0.148000001907349,101,0.314000010490417,0.499000012874603,16.1037902832031,1045,YES,NO
0.108000002801418,103,3.18300008773804,0.499000012874603,16.1148300170898,1045,YES,NO
0.104000002145767,140,0.822000026702881,0.493000000715256,16.1316795349121,1045,YES,NO
0.231000006198883,39,-8.88199996948242,0.35699999332428,12.0212497711182,2695,YES,NO
0.224999994039536,38,6.29199981689453,0.35699999332428,12.1510896682739,2695,YES,NO
0.212999999523163,47,4.16499996185303,0.333000004291534,12.2862701416016,2695,YES,NO
0.0439999997615814,5,1.5900000333786,0.709999978542328,14.6622400283813,3100,YES,NO
0.0879999995231628,6,-1.26499998569489,0.709999978542328,14.7927103042603,3100,YES,NO
0.0439999997615814,13,-1.21700000762939,0.709999978542328,14.9237403869629,3162,YES,NO
0.0320000015199184,24,1.14499998092651,0.709999978542328,15.0579299926758,3162,YES,NO
0.100000001490116,26,-0.108000002801418,0.709999978542328,15.2124996185303,3162,YES,NO
0.0329999998211861,17,-3.71900010108948,0.709999978542328,15.3709096908569,3162,YES,NO
0.17399999499321,21,3.18199992179871,0.783999979496002,15.1367301940918,952,NO,NO
0.214000001549721,28,4.20599985122681,0.783999979496002,15.2534503936768,952,NO,NO
0.296000003814697,34,1.99199998378754,0.783999979496002,15.3755502700806,1020,NO,NO
0.326999992132187,42,1.61199998855591,0.783999979496002,15.4935398101807,1020,NO,NO
0.194999992847443,40,-1.12600004673004,0.783999979496002,15.6984796524048,1020,NO,NO
0.181999996304512,9,7.20699977874756,0.704999983310699,13.3430995941162,2500,YES,NO
0.28999999165535,16,9.67500019073486,0.704999983310699,13.5346097946167,2601,YES,NO
0.196999996900558,17,7.47499990463257,0.704999983310699,13.7118101119995,2703,YES,NO
0.142000004649162,27,3.72399997711182,0.704999983310699,13.8878297805786,2703,YES,NO
0.0869999974966049,40,-1.39100003242493,0.704999983310699,14.0600204467773,2703,YES,NO
0.0670000016689301,16,0.952000021934509,0.842000007629395,18.2497997283936,144,NO,NO
0.0560000017285347,25,5.26100015640259,0.842000007629395,18.3782596588135,144,NO,NO
0.0509999990463257,24,7.29300022125244,0.842000007629395,18.4979400634766,160,NO,NO
0.0529999993741512,31,4.10200023651123,0.842000007629395,18.6136608123779,176,NO,NO
0.063000001013279,35,-1.37600004673004,0.842000007629395,18.7227096557617,176,NO,NO
0.0309999994933605,38,0.123999997973442,0.842000007629395,18.8127403259277,176,NO,NO
0.0299999993294477,45,0.368000000715256,0.836000025272369,18.8858108520508,176,NO,NO
0.116999998688698,101,3.90700006484985,0.190999999642372,16.006160736084,1196,YES,NO
0.108000002801418,74,5.24100017547607,0.190999999642372,15.980899810791,1196,YES,NO
0.19200000166893,78,-2.51900005340576,0.187999993562698,15.9437398910522,1196,YES,NO
0.0410000011324883,2,-4.01800012588501,0.435999989509583,15.4453401565552,3944,YES,NO
0.0500000007450581,2,0.0540000014007092,0.435999989509583,15.544150352478,3944,YES,NO
0.0560000017285347,3,2.12899994850159,0.435999989509583,15.6403799057007,4080,YES,NO
0.0540000014007092,4,1.87999999523163,0.435999989509583,15.7559795379639,4216,YES,NO
0.0500000007450581,6,1.59700000286102,0.435999989509583,15.8799695968628,4216,YES,NO
0.0520000010728836,9,0.635999977588654,0.435999989509583,16.0145092010498,4216,YES,NO
0.0430000014603138,11,-0.83899998664856,0.435999989509583,16.1550998687744,4216,YES,NO
0.0780000016093254,2,-9.9060001373291,0.30799999833107,14.982720375061,240,NO,NO
0.0979999974370003,3,-2.68499994277954,0.30799999833107,15.0722703933716,240,NO,YES
0.0729999989271164,4,5.41400003433228,0.30799999833107,15.1184196472168,210,NO,NO
0.0689999982714653,4,1.42499995231628,0.30799999833107,15.233790397644,180,NO,NO
0.0949999988079071,5,1.86800003051758,0.30799999833107,15.3736600875854,180,NO,YES
0.0640000030398369,7,0.853999972343445,0.30799999833107,15.5178899765015,180,NO,YES
0.0640000030398369,8,-4.78399991989136,0.291000008583069,15.6503295898438,180,NO,YES
0.138999998569489,8,0.973999977111816,0.30799999833107,15.5776700973511,6586,NO,NO
0.178000003099442,11,3.55699992179871,0.30799999833107,15.6882400512695,6586,NO,NO
0.144999995827675,17,1.32299995422363,0.30799999833107,15.8222503662109,6586,NO,NO
0.168999999761581,24,6.58599996566772,0.30799999833107,15.978949546814,6675,NO,NO
0.0839999988675117,28,4.38899993896484,0.30799999833107,16.1157894134521,6675,NO,NO
0.152999997138977,33,-3.85999989509583,0.30799999833107,16.2564697265625,6675,NO,NO
0.178000003099442,32,-5.85200023651123,0.291000008583069,16.4023704528809,6675,NO,NO
0.0309999994933605,9,-5.44099998474121,0.495999991893768,12.5353803634644,343,YES,NO
0.0379999987781048,9,13.1890001296997,0.495999991893768,12.574179649353,441,YES,NO
0.0520000010728836,15,2.37899994850159,0.495999991893768,12.6443300247192,441,YES,NO
0.0199999995529652,25,0.114000000059605,0.495999991893768,12.7408103942871,441,YES,NO
0.0120000001043081,28,0.131999999284744,0.532999992370605,12.8479299545288,441,YES,NO
0.0799999982118607,4,-1.20000004768372,0.653999984264374,14.33251953125,4623,YES,NO
0.0949999988079071,7,2.38599991798401,0.653999984264374,14.4301595687866,4623,YES,NO
0.096000000834465,13,-0.987999975681305,0.653999984264374,14.5367603302002,4485,YES,NO
0.103000000119209,21,-0.141000002622604,0.653999984264374,14.6540603637695,4347,YES,NO
0.0850000008940697,24,-2.27800011634827,0.653999984264374,14.7698698043823,4347,YES,NO
0.0659999996423721,17,-1.68799996376038,0.653999984264374,14.8901700973511,4347,YES,NO
0.0900000035762787,3,-0.53600001335144,0.691999971866608,15.0196800231934,5893,NO,NO
0.0719999969005585,4,-2.1800000667572,0.691999971866608,15.1107902526855,5893,NO,NO
0.0599999986588955,6,-2.17499995231628,0.691999971866608,15.2092800140381,5893,NO,NO
0.150999993085861,13,-0.495000004768372,0.691999971866608,15.5524597167969,5810,NO,NO
0.141000002622604,15,-1.78100001811981,0.702000021934509,15.6792802810669,5810,NO,NO
0.112000003457069,31,2.46900010108948,0.869000017642975,15.9633102416992,420,NO,NO
0.143999993801117,36,1.98699998855591,0.869000017642975,16.0661697387695,420,NO,NO
0.204999998211861,45,-3.76799988746643,0.869000017642975,16.1509494781494,435,NO,NO
0.150000005960464,49,5.30000019073486,0.869000017642975,16.2263202667236,465,NO,NO
0.206000000238419,64,-2.31299996376038,0.869000017642975,16.3043308258057,465,NO,NO
0.239999994635582,71,4.48199987411499,0.869000017642975,16.3880500793457,465,NO,NO
0.195999994874001,66,5.57999992370605,0.870999991893768,16.4694805145264,465,NO,NO
0.0140000004321337,24,3.75,0.739000022411346,20.5227603912354,663,NO,NO
0.0149999996647239,55,1.91700005531311,0.739000022411346,20.6359596252441,624,NO,NO
0.0199999995529652,54,4.76300001144409,0.739000022411346,20.7043209075928,585,NO,NO
0.0209999997168779,46,5.22200012207031,0.739000022411346,20.7730197906494,585,NO,NO
0.0359999984502792,56,0.958999991416931,0.739000022411346,20.850040435791,585,NO,NO
0.0329999998211861,70,9.05300045013428,0.736999988555908,20.9083499908447,585,NO,NO
0.0850000008940697,18,1.50899994373322,0.842000007629395,16.7485198974609,42,NO,NO
0.0930000022053719,25,3.28299999237061,0.842000007629395,16.9066009521484,42,NO,NO
0.0890000015497208,39,3.14199995994568,0.842000007629395,17.0345096588135,49,NO,NO
0.0939999967813492,40,3.25099992752075,0.842000007629395,17.1439208984375,49,NO,YES
0.0829999968409538,48,0.149000003933907,0.842000007629395,17.2397708892822,49,NO,YES
0.125,58,2.12100005149841,0.842000007629395,17.3310508728027,49,NO,YES
0.0769999995827675,62,2.72699999809265,0.842999994754791,17.4213600158691,49,NO,YES
0.11599999666214,15,-0.707000017166138,0.782000005245209,13.9207696914673,4092,YES,NO
0.206000000238419,33,0.660000026226044,0.782000005245209,14.1850004196167,4092,YES,NO
0.523000001907349,89,2.24499988555908,0.782000005245209,14.327730178833,4092,YES,NO
0.486000001430511,86,6.68200016021729,0.782000005245209,14.4771699905396,4092,YES,NO
0.508000016212463,62,-3.97399997711182,0.782000005245209,14.6379299163818,4092,YES,NO
0.504999995231628,62,-3.23300004005432,0.804000020027161,14.7836303710938,4092,YES,YES
0.158999994397163,23,3.19400000572205,0.583000004291534,14.2089004516602,136,NO,NO
0.188999995589256,27,3.32699990272522,0.583000004291534,14.3642101287842,136,NO,NO
0.186000004410744,40,2.61100006103516,0.583000004291534,14.4925298690796,136,NO,NO
0.140000000596046,44,2.32500004768372,0.583000004291534,14.6414403915405,144,NO,NO
0.18299999833107,38,-3.09599995613098,0.583000004291534,14.7870502471924,144,NO,NO
0.166999995708466,41,1.88699996471405,0.583000004291534,14.9257202148438,144,NO,NO
0.209999993443489,48,1.75499999523163,0.587000012397766,15.0316095352173,144,NO,NO
0.131999999284744,48,5.76100015640259,0.583000004291534,13.2742300033569,1296,YES,NO
0.109999999403954,95,9.71300029754639,0.583000004291534,13.322850227356,1296,YES,NO
0.0860000029206276,93,4.05800008773804,0.583000004291534,13.3816499710083,1296,YES,NO
0.0469999983906746,89,5.09499979019165,0.583000004291534,13.4313201904297,1296,YES,NO
0.128000006079674,98,4.42999982833862,0.527999997138977,15.375340461731,48,NO,NO
0.096000000834465,82,2.73000001907349,0.527999997138977,15.4106502532959,48,NO,NO
0.100000001490116,80,1.13800001144409,0.527999997138977,15.4368801116943,48,NO,NO
0.108000002801418,105,2.05200004577637,0.527999997138977,15.4492502212524,54,NO,NO
0.118000000715256,106,2.68099999427795,0.527999997138977,15.4474897384644,54,NO,NO
0.0939999967813492,108,1.39900004863739,0.527999997138977,15.4525604248047,54,NO,NO
0.0869999974966049,116,1.75800001621246,0.527999997138977,15.469539642334,54,NO,NO
0.0549999997019768,14,-1.82799994945526,0.845000028610229,12.5461101531982,1224,NO,NO
0.0219999998807907,14,-6.01599979400635,0.845000028610229,12.8764600753784,1224,NO,NO
0.114000000059605,11,1.23300004005432,0.537000000476837,15.1520900726318,90,NO,YES
0.11599999666214,21,3.78800010681152,0.537000000476837,15.3023300170898,90,NO,NO
0.202999994158745,36,4.88500022888184,0.537000000476837,15.434700012207,90,NO,NO
0.0810000002384186,42,3.55999994277954,0.537000000476837,15.5554504394531,90,NO,NO
0.131999999284744,44,-2.08500003814697,0.537000000476837,15.6680498123169,90,NO,NO
0.0419999994337559,34,2.03500008583069,0.550000011920929,15.872579574585,90,NO,NO
0.112000003457069,19,1.70500004291534,0.714999973773956,15.4533395767212,371,YES,NO
0.111000001430511,21,2.34599995613098,0.714999973773956,15.6022596359253,371,YES,NO
0.221000000834465,41,7.97800016403198,0.714999973773956,15.7480497360229,424,YES,NO
0.204999998211861,53,3.88800001144409,0.714999973773956,15.8900699615479,424,YES,NO
0.237000003457069,57,-2.11500000953674,0.714999973773956,16.0236797332764,424,YES,NO
0.247999995946884,55,-1.11500000953674,0.714999973773956,16.1441497802734,424,YES,NO
0.218999996781349,50,0.782999992370605,0.717000007629395,16.2543697357178,424,YES,NO
0.0930000022053719,37,4.71299982070923,0.922999978065491,17.1961307525635,160,NO,NO
0.0719999969005585,46,2.5460000038147,0.922999978065491,17.3136196136475,160,NO,NO
0.0810000002384186,54,2.11899995803833,0.922999978065491,17.4070205688477,160,NO,NO
0.118000000715256,61,4.81599998474121,0.922999978065491,17.526029586792,155,NO,NO
0.0480000004172325,72,3.43300008773804,0.922999978065491,17.6551990509033,155,NO,NO
0.0419999994337559,84,-0.42399999499321,0.922999978065491,17.7752208709717,155,NO,NO
0.0350000001490116,80,0.648000001907349,0.921999990940094,17.8790493011475,155,NO,NO
0.195999994874001,18,3.95499992370605,0.433999985456467,14.9181098937988,112,NO,NO
0.158000007271767,23,0.800000011920929,0.433999985456467,15.095890045166,112,NO,NO
0.209000006318092,21,2.34299993515015,0.433999985456467,15.2269802093506,128,NO,YES
0.129999995231628,26,-0.207000002264977,0.433999985456467,15.3299798965454,128,NO,YES
0.0469999983906746,22,-0.0769999995827675,0.433999985456467,15.4311304092407,128,NO,YES
0.063000001013279,30,2.76099991798401,0.446000009775162,15.5492897033691,128,NO,NO
0.090999998152256,3,2.41599988937378,0.638999998569489,17.050609588623,4347,YES,NO
0.0649999976158142,6,0.409999996423721,0.638999998569489,17.1806297302246,4347,YES,YES
0.0780000016093254,9,0.665000021457672,0.638999998569489,17.310619354248,4278,YES,YES
0.103000000119209,12,1.01900005340576,0.638999998569489,17.4456195831299,4209,YES,YES
0.0700000002980232,15,-1.48199999332428,0.638999998569489,17.5848197937012,4209,YES,YES
0.046000000089407,16,1.5440000295639,0.638999998569489,17.7508602142334,4209,YES,YES
0.0689999982714653,12,0.368000000715256,0.642000019550323,17.8480491638184,4209,YES,NO
0.263000011444092,25,0.486999988555908,0.00700000021606684,13.0476398468018,4615,NO,NO
0.233999997377396,55,3.64599990844727,0.00700000021606684,13.1615800857544,4615,NO,NO
0.18299999833107,65,4.93900012969971,0.00700000021606684,13.2638597488403,4686,NO,NO
0.217999994754791,53,1.68099999427795,0.00700000021606684,13.3598003387451,4686,NO,NO
0.118000000715256,51,-1.90600001811981,0.00700000021606684,13.4545402526855,4686,NO,NO
0.165000006556511,62,3.99799990653992,0.00700000021606684,13.5089902877808,4686,NO,NO
0.14300000667572,64,0.806999981403351,0.00700000021606684,13.5848398208618,4686,NO,NO
0.0740000009536743,72,4.15899991989136,0.778999984264374,15.3337097167969,176,NO,NO
0.0710000023245811,98,4.37799978256226,0.778999984264374,15.342869758606,176,NO,NO
0.0439999997615814,83,3.3970000743866,0.778999984264374,15.3654098510742,192,NO,NO
0.0829999968409538,94,2.43099999427795,0.778999984264374,15.3799495697021,224,NO,NO
0.0579999983310699,98,2.09800004959106,0.778999984264374,15.4051504135132,224,NO,NO
0.034000001847744,106,3.08200001716614,0.778999984264374,15.42214012146,224,NO,NO
0.0509999990463257,108,-1.89699995517731,0.787000000476837,15.4463195800781,224,NO,NO
0.028999999165535,53,4.53200006484985,0.656000018119812,17.7023792266846,864,YES,NO
0.0309999994933605,71,4.61600017547607,0.656000018119812,17.7428607940674,864,YES,NO
0.0359999984502792,82,2.25300002098083,0.656000018119812,17.7801094055176,945,YES,NO
0.0439999997615814,77,2.65000009536743,0.656000018119812,17.8022708892822,999,YES,NO
0.0480000004172325,86,0.750999987125397,0.656000018119812,17.8259296417236,999,YES,NO
0.0399999991059303,96,2.60500001907349,0.656000018119812,17.8539009094238,999,YES,NO
0.0379999987781048,112,0.555999994277954,0.657999992370605,17.8784198760986,999,YES,NO
0.381000012159348,16,7.3769998550415,0.666999995708466,13.1123104095459,3657,NO,NO
0.342000007629395,12,7.17799997329712,0.666999995708466,13.1303300857544,3657,NO,NO
0.432000011205673,22,8.58600044250488,0.666999995708466,13.2929496765137,3657,NO,NO
0.340000003576279,8,3.69099998474121,0.467000007629395,12.9091701507568,2044,NO,NO
0.27700001001358,12,-0.0549999997019768,0.467000007629395,13.0476398468018,2044,NO,NO
0.437999993562698,15,2.02699995040894,0.467000007629395,13.2140302658081,2044,NO,NO
0.133000001311302,16,4.82499980926514,0.467000007629395,13.3707799911499,2044,NO,NO
0.197999998927116,23,-5.59000015258789,0.467000007629395,13.5211400985718,2044,NO,NO
0.119999997317791,22,0.764999985694885,0.467000007629395,13.7332201004028,2044,NO,NO
0.131999999284744,28,-1.66999995708466,0.550999999046326,13.9225702285767,2044,NO,NO
0.025000000372529,89,1.37199997901917,0.467000007629395,18.1808891296387,224,NO,NO
0.0260000005364418,106,2.69199991226196,0.467000007629395,18.1904201507568,228,NO,NO
0.0199999995529652,104,1.4650000333786,0.46000000834465,18.2178497314453,228,NO,NO
0.137999996542931,19,-0.247999995946884,0.574999988079071,15.8734703063965,5041,YES,NO
0.190999999642372,21,3.63499999046326,0.574999988079071,15.9688997268677,5041,YES,NO
0.254999995231628,45,-2.9449999332428,0.574999988079071,16.1014595031738,5112,YES,NO
0.209999993443489,50,1.31299996376038,0.574999988079071,16.189489364624,5184,YES,NO
0.172000005841255,40,-4.17799997329712,0.574999988079071,16.3507900238037,5184,YES,NO
0.135000005364418,45,2.6010000705719,0.574999988079071,16.5148601531982,5184,YES,NO
0.0469999983906746,57,7.64200019836426,0.52700001001358,15.9614400863647,50,NO,NO
0.0419999994337559,70,6.40199995040894,0.52700001001358,15.9894695281982,50,NO,NO
0.0610000006854534,87,4.16099977493286,0.52700001001358,16.0179405212402,50,NO,NO
0.0670000016689301,85,2.52500009536743,0.52700001001358,16.0817394256592,50,NO,NO
0.0689999982714653,92,1.06599998474121,0.52700001001358,16.1114692687988,50,NO,NO
0.0549999997019768,94,1.67599999904633,0.52700001001358,16.134069442749,50,NO,NO
0.046000000089407,99,1.00300002098083,0.527999997138977,16.1628799438477,50,NO,NO
0.119999997317791,10,1.40699994564056,0.635999977588654,15.3345899581909,704,YES,YES
0.109999999403954,9,2.59800004959106,0.635999977588654,15.4729795455933,704,YES,YES
0.12899999320507,12,1.99699997901917,0.635999977588654,15.6111001968384,704,YES,YES
0.14300000667572,20,2.77099990844727,0.635999977588654,15.7494897842407,768,YES,YES
0.0799999982118607,19,-4.16599988937378,0.635999977588654,15.8903198242188,768,YES,NO
0.115000002086163,23,0.351000010967255,0.635999977588654,16.0343894958496,768,YES,NO
0.0949999988079071,25,0.233999997377396,0.63400000333786,16.1783695220947,768,YES,NO
0.108999997377396,9,-0.507000029087067,0.504000008106232,15.0897598266602,3375,NO,NO
0.108999997377396,21,-3.08899998664856,0.504000008106232,15.1638402938843,3375,NO,NO
0.165999993681908,20,7.69099998474121,0.504000008106232,15.2383804321289,3375,NO,NO
0.323000013828278,24,3.49499988555908,0.504000008106232,15.3108797073364,3375,NO,NO
0.263000011444092,18,-2.75099992752075,0.504000008106232,15.4223499298096,3375,NO,NO
0.202999994158745,15,1.48800003528595,0.504000008106232,15.565580368042,3375,NO,NO
0.202999994158745,18,0.284999996423721,0.550999999046326,15.7012195587158,3375,NO,NO
0.0390000008046627,2,3.92300009727478,0.474999994039536,13.1692495346069,4800,NO,YES
0.0390000008046627,11,2.65799999237061,0.474999994039536,13.1711502075195,4800,NO,YES
0.0570000000298023,5,1.93499994277954,0.474999994039536,13.3486995697021,4800,NO,NO
0.101000003516674,10,-9.83100032806396,0.474999994039536,13.6035499572754,4720,NO,NO
0.470999985933304,56,-0.264999985694885,0.805000007152557,13.377010345459,4248,YES,NO
0.470999985933304,54,2.84800004959106,0.805000007152557,13.4150295257568,4248,YES,NO
0.689000010490417,53,5.79199981689453,0.805000007152557,13.5008001327515,4248,YES,NO
0.578999996185303,76,-4.60599994659424,0.805000007152557,13.541069984436,4248,YES,NO
0.426999986171722,73,-8.41800022125244,0.805000007152557,13.5797901153564,4248,YES,NO
0.600000023841858,81,-2.90499997138977,0.805000007152557,13.5860996246338,4248,YES,NO
0.707000017166138,68,5.37099981307983,0.805000007152557,13.6291799545288,4248,YES,NO
0.0700000002980232,6,-0.660000026226044,0.35699999332428,15.2369298934937,54,NO,NO
0.0759999975562096,7,-1.38900005817413,0.35699999332428,15.3240203857422,54,NO,NO
0.068000003695488,8,0.215000003576279,0.35699999332428,15.4088201522827,58,NO,NO
0.0900000035762787,14,4.06500005722046,0.35699999332428,15.4931697845459,60,NO,NO
0.0489999987185001,19,-2.51399993896484,0.35699999332428,15.5838298797607,60,NO,NO
0.0329999998211861,23,-2.84999990463257,0.35699999332428,15.6831502914429,60,NO,NO
0.238000005483627,11,1.51900005340576,0.559000015258789,14.6453695297241,128,NO,NO
0.216000005602837,14,1.96899998188019,0.559000015258789,14.7813501358032,128,NO,NO
0.232999995350838,16,0.58899998664856,0.559000015258789,14.9407596588135,144,NO,NO
0.27700001001358,29,3.51799988746643,0.559000015258789,15.1135196685791,144,NO,NO
0.185000002384186,37,-1.817999958992,0.559000015258789,15.2932395935059,144,NO,NO
0.171000003814697,29,-0.144999995827675,0.559000015258789,15.4457302093506,144,NO,NO
0.166999995708466,67,5.78299999237061,0.256999999284744,16.1699295043945,649,NO,NO
0.13400000333786,72,2.14599990844727,0.256999999284744,16.1864109039307,660,NO,NO
0.129999995231628,72,1.1139999628067,0.256999999284744,16.1743793487549,660,NO,NO
0.101000003516674,78,0.296999990940094,0.256999999284744,16.1539497375488,660,NO,NO
0.0879999995231628,79,-1.87300002574921,0.261999994516373,16.1408290863037,660,NO,NO
0.254000008106232,83,4.49499988555908,0.935000002384186,12.175609588623,30,NO,NO
0.284000009298325,88,1.71700000762939,0.935000002384186,12.2258701324463,30,NO,NO
0.219999998807907,85,5.01300001144409,0.935000002384186,12.2922496795654,36,NO,NO
0.261000007390976,86,5.69299983978271,0.935000002384186,12.3371000289917,42,NO,NO
0.254000008106232,95,1.08200001716614,0.935000002384186,12.3925504684448,42,NO,NO
0.238000005483627,103,1.80499994754791,0.935000002384186,12.4482297897339,42,NO,NO
0.228000000119209,104,-0.512000024318695,0.935000002384186,12.498740196228,42,NO,NO
0.0160000007599592,41,-0.395999997854233,0.537000000476837,20.0044403076172,2848,NO,YES
0.017000000923872,36,1.31400001049042,0.537000000476837,20.121000289917,2848,NO,NO
0.0260000005364418,36,0.321999996900558,0.537000000476837,20.234619140625,2937,NO,NO
0.0179999992251396,39,1.58000004291534,0.537000000476837,20.3483295440674,2937,NO,YES
0.017000000923872,48,3.48699998855591,0.537000000476837,20.4555797576904,2937,NO,YES
0.017000000923872,55,3.71000003814697,0.537000000476837,20.5601806640625,2937,NO,YES
0.0240000002086163,59,3.05999994277954,0.537999987602234,20.6500091552734,2937,NO,NO
0.10700000077486,18,-0.962999999523163,0.779999971389771,18.4657592773438,5092,NO,NO
0.108000002801418,21,3.24200010299683,0.779999971389771,18.5822601318359,5092,NO,NO
0.218999996781349,25,5.74700021743774,0.779999971389771,18.7027606964111,5092,NO,YES
0.273999989032745,35,5.91599988937378,0.779999971389771,18.814769744873,5168,NO,YES
0.185000002384186,41,5.07499980926514,0.779999971389771,18.9094791412354,5168,NO,NO
0.155000001192093,48,3.57399988174438,0.779999971389771,18.9986000061035,5168,NO,NO
0.111000001430511,52,4.63600015640259,0.776000022888184,19.0832405090332,5168,NO,NO
0.476000010967255,24,2.65400004386902,0.492000013589859,17.0207290649414,380,NO,NO
0.476000010967255,36,7.09299993515015,0.492000013589859,17.1629199981689,380,NO,YES
0.400999993085861,57,3.91199994087219,0.492000013589859,17.3182392120361,380,NO,YES
0.138999998569489,52,-10.5930004119873,0.492000013589859,17.482250213623,380,NO,YES
0.0719999969005585,52,3.26500010490417,0.492000013589859,17.652250289917,380,NO,NO
0.123000003397465,62,-3.51099991798401,0.492000013589859,17.7994804382324,380,NO,NO
0.155000001192093,76,1.307000041008,0.485000014305115,17.9293308258057,380,NO,NO
0.270000010728836,42,5.05299997329712,0.59799998998642,15.8919496536255,360,YES,NO
0.239999994635582,34,-0.0140000004321337,0.59799998998642,16.0515308380127,360,YES,YES
0.00600000005215406,48,4.28700017929077,0.59799998998642,16.2152194976807,360,YES,YES
0.439999997615814,76,5.63800001144409,0.59799998998642,16.3810005187988,324,YES,NO
0.219999998807907,68,-10.6639995574951,0.59799998998642,16.544469833374,324,YES,YES
0.151999995112419,53,3.78099989891052,0.49099999666214,14.8719100952148,54,NO,NO
0.151999995112419,71,4.52299976348877,0.49099999666214,14.8973197937012,54,NO,NO
0.202999994158745,82,2.92899990081787,0.49099999666214,14.9714498519897,54,NO,NO
0.185000002384186,85,3.2279999256134,0.49099999666214,15.0395803451538,54,NO,NO
0.166999995708466,93,1.28299999237061,0.49099999666214,15.0796403884888,54,NO,NO
0.14300000667572,96,4.85500001907349,0.49099999666214,15.0699300765991,54,NO,NO
0.146999999880791,111,4.78399991989136,0.49099999666214,15.09255027771,54,NO,NO
0.0410000011324883,46,5.78800010681152,0.755999982357025,14.7566900253296,462,YES,NO
0.0410000011324883,54,5.13700008392334,0.755999982357025,14.9054203033447,462,YES,NO
0.034000001847744,60,4.43400001525879,0.755999982357025,15.0553302764893,462,YES,NO
0.0439999997615814,73,1.04299998283386,0.755999982357025,15.1708297729492,441,YES,NO
0.0399999991059303,76,1.02499997615814,0.755999982357025,15.2584199905396,441,YES,NO
0.028999999165535,82,2.24699997901917,0.755999982357025,15.3545303344727,441,YES,NO
0.0179999992251396,89,3.41799998283386,0.735000014305115,15.5284099578857,441,YES,NO
0.0240000002086163,53,4.41400003433228,0.419999986886978,17.7689094543457,85,NO,NO
0.0209999997168779,66,5.70100021362305,0.419999986886978,17.8011894226074,85,NO,NO
0.0270000007003546,74,1.80299997329712,0.419999986886978,17.8308296203613,115,NO,NO
0.0260000005364418,73,4.4060001373291,0.419999986886978,17.8485794067383,140,NO,NO
0.0270000007003546,74,0.917999982833862,0.419999986886978,17.8514003753662,140,NO,NO
0.0160000007599592,79,2.89000010490417,0.419999986886978,17.8536205291748,140,NO,NO
0.0209999997168779,87,1.08899998664856,0.421000003814697,17.8621292114258,140,NO,NO
0.287000000476837,10,4.46299982070923,0.573000013828278,15.3195896148682,5246,NO,NO
0.303999990224838,13,2.85700011253357,0.573000013828278,15.5220804214478,5246,NO,NO
0.266999989748001,18,2.34599995613098,0.573000013828278,15.7257900238037,5332,NO,NO
0.284999996423721,26,-0.287999987602234,0.573000013828278,15.9189100265503,5504,NO,NO
0.342999994754791,27,-2.94400000572205,0.573000013828278,16.1113700866699,5504,NO,NO
0.298000007867813,30,-4.83900022506714,0.573000013828278,16.2982501983643,5504,NO,NO
0.546999990940094,30,-1.70299994945526,0.587999999523163,16.4529991149902,5504,NO,NO
0.104000002145767,53,3.42300009727478,0.35699999332428,14.380820274353,246,NO,NO
0.100000001490116,46,4.5770001411438,0.35699999332428,14.4409103393555,246,NO,NO
0.123000003397465,53,1.95099997520447,0.35699999332428,14.5151395797729,258,NO,NO
0.130999997258186,63,-4.21400022506714,0.35699999332428,14.5730400085449,270,NO,NO
0.123999997973442,56,-1.2849999666214,0.35699999332428,14.6532297134399,270,NO,NO
0.0829999968409538,60,2.77800011634827,0.35699999332428,14.692440032959,270,NO,NO
0.096000000834465,62,-0.574000000953674,0.36599999666214,14.7405996322632,270,NO,NO
0.00800000037997961,82,8.37800025939941,0.504999995231628,18.4094505310059,162,NO,NO
0.00600000005215406,86,9.73499965667725,0.504999995231628,18.4632091522217,162,NO,NO
0.00499999988824129,91,2.74300003051758,0.504999995231628,18.5334701538086,168,NO,NO
0.00499999988824129,92,3.67600011825562,0.504999995231628,18.5758209228516,171,NO,NO
0.00400000018998981,94,3.11800003051758,0.504999995231628,18.6092700958252,171,NO,NO
0.00300000002607703,96,3.93600010871887,0.504999995231628,18.6320495605469,171,NO,NO
0.0020000000949949,98,1.36199998855591,0.508000016212463,18.6473293304443,171,NO,NO
0.034000001847744,52,6.44700002670288,0.75,13.935959815979,72,NO,NO
0.0740000009536743,74,7.73099994659424,0.75,14.4088401794434,78,NO,NO
0.0670000016689301,79,9.60900020599365,0.75,14.595290184021,78,NO,NO
0.133000001311302,6,-1.41499996185303,0.808000028133392,16.092679977417,5727,NO,NO
0.108999997377396,12,-0.934000015258789,0.808000028133392,16.2576808929443,5727,NO,NO
0.120999999344349,16,7.13000011444092,0.808000028133392,16.4358901977539,5810,NO,NO
0.158999994397163,23,1.69400000572205,0.808000028133392,16.6224994659424,5893,NO,NO
0.137999996542931,26,-2.74900007247925,0.808000028133392,16.8110904693604,5893,NO,NO
0.0850000008940697,27,2.74900007247925,0.808000028133392,16.9662799835205,5893,NO,NO
0.146999999880791,26,-0.199000000953674,0.809000015258789,17.0997200012207,5893,NO,NO
0.0240000002086163,44,3.14599990844727,0.602999985218048,17.1664695739746,68,NO,NO
0.0219999998807907,50,9.2480001449585,0.602999985218048,17.2788391113281,68,NO,NO
0.0439999997615814,64,6.48099994659424,0.602999985218048,17.3788509368896,70,NO,NO
0.0280000008642673,82,5.72599983215332,0.602999985218048,17.4563503265381,72,NO,NO
0.0280000008642673,93,6.19999980926514,0.602999985218048,17.5243396759033,72,NO,NO
0.017000000923872,91,9.17899990081787,0.602999985218048,17.5736598968506,72,NO,NO
0.0179999992251396,101,6.69000005722046,0.642000019550323,17.6220607757568,72,NO,NO
0.386000007390976,95,-8.45899963378906,0.00600000005215406,14.3531703948975,180,YES,NO
0.351000010967255,43,-13.0880002975464,0.00600000005215406,14.5692796707153,180,YES,NO
0.462999999523163,64,14.4090003967285,0.00499999988824129,14.2505302429199,180,YES,NO
0.0769999995827675,4,5.34999990463257,0.301999986171722,13.7778100967407,1472,YES,NO
0.0769999995827675,7,0.483000010251999,0.301999986171722,13.8775501251221,1472,YES,NO
0.0719999969005585,12,11.9619998931885,0.301999986171722,13.9869403839111,1449,YES,NO
0.0430000014603138,14,5.31599998474121,0.301999986171722,14.1281299591064,1426,YES,NO
0.0329999998211861,19,-0.386000007390976,0.301999986171722,14.2621202468872,1426,YES,NO
0.0230000000447035,20,-0.061999998986721,0.301999986171722,14.3938102722168,1426,YES,NO
0.0230000000447035,22,3.34599995613098,0.308999985456467,14.4986095428467,1426,YES,NO
0.448000013828278,8,2.78200006484985,0.676999986171722,13.9936599731445,4648,NO,NO
0.507000029087067,15,3.50799989700317,0.676999986171722,14.141209602356,4648,NO,NO
0.532000005245209,25,-0.746999979019165,0.676999986171722,14.2911195755005,4814,NO,NO
0.515999972820282,31,-0.40599998831749,0.676999986171722,14.446249961853,4980,NO,NO
0.0900000035762787,38,1.57299995422363,0.437000006437302,12.7159004211426,180,NO,NO
0.104000002145767,50,2.64800000190735,0.437000006437302,12.7361097335815,180,NO,NO
0.0970000028610229,59,1.80299997329712,0.437000006437302,12.7952499389648,195,NO,NO
0.133000001311302,79,2.10500001907349,0.437000006437302,12.8073797225952,210,NO,NO
0.148000001907349,76,2.04699993133545,0.437000006437302,12.8136596679688,210,NO,NO
0.108000002801418,74,4.23199987411499,0.437000006437302,12.8529100418091,210,NO,NO
0.104000002145767,72,3.08299994468689,0.430999994277954,12.9226903915405,210,NO,NO
0.104000002145767,10,-1.39100003242493,0.607999980449677,15.6104297637939,441,NO,NO
0.120999999344349,14,0.620000004768372,0.607999980449677,15.7243099212646,441,NO,NO
0.127000004053116,14,-2.82599997520447,0.607999980449677,15.8435297012329,441,NO,NO
0.0799999982118607,17,-2.60800004005432,0.607999980449677,16.2726993560791,448,NO,NO
0.0920000001788139,14,-2.79399991035461,0.606000006198883,16.4032707214355,448,NO,NO
0.171000003814697,3,1.61699998378754,0.441000014543533,15.1955404281616,4662,YES,NO
0.187000006437302,5,2.91300010681152,0.441000014543533,15.4725999832153,4662,YES,NO
0.202999994158745,5,1.69400000572205,0.441000014543533,15.6300096511841,4599,YES,NO
0.202999994158745,6,-1.34399998188019,0.441000014543533,15.7879199981689,4599,YES,NO
0.215000003576279,5,0.0390000008046627,0.441000014543533,15.9563999176025,4599,YES,NO
0.273999989032745,103,0.0769999995827675,0.435000002384186,16.0935001373291,4599,YES,NO
0.361999988555908,34,3.25500011444092,0.765999972820282,16.0670108795166,4488,NO,NO
0.372000008821487,40,5.07800006866455,0.765999972820282,16.1999492645264,4488,NO,NO
0.324999988079071,46,4.24300003051758,0.765999972820282,16.3216896057129,4488,NO,NO
0.428000003099442,50,7.10599994659424,0.765999972820282,16.4374904632568,4488,NO,NO
0.363999992609024,53,1.74800002574921,0.765999972820282,16.5677108764648,4488,NO,NO
0.316000014543533,56,4.23600006103516,0.765999972820282,16.6998100280762,4488,NO,NO
0.208000004291534,55,6.11600017547607,0.762000024318695,16.8160800933838,4488,NO,NO
0.063000001013279,5,-4.13800001144409,0.763000011444092,15.3820400238037,2808,NO,NO
0.0939999967813492,8,-0.75,0.763000011444092,15.489800453186,2808,NO,NO
0.0410000011324883,11,1.91100001335144,0.763000011444092,15.5913095474243,2730,NO,NO
0.142000004649162,12,2.86500000953674,0.763000011444092,15.701060295105,2652,NO,NO
0.105999998748302,9,0,0.763000011444092,15.8155002593994,2652,NO,NO
0.143999993801117,1.39999997615814,-0.0379999987781048,0.763000011444092,15.9508600234985,2652,NO,NO
0.126000002026558,12,-0.226999998092651,0.769999980926514,16.0881500244141,2652,NO,NO
0.330000013113022,2,2.45799994468689,0.828000009059906,13.9071798324585,68,YES,NO
0.421000003814697,4,-0.228000000119209,0.828000009059906,14.0151796340942,68,YES,NO
0.351999998092651,4,0.962999999523163,0.828000009059906,14.1310501098633,68,YES,NO
0.261000007390976,17,-0.666999995708466,0.828000009059906,14.2544097900391,68,YES,NO
0.523000001907349,22,-1.42799997329712,0.828000009059906,14.3842296600342,68,YES,NO
0.439000010490417,19,-0.816999971866608,0.828000009059906,14.510160446167,68,YES,NO
0.386000007390976,19,2.49300003051758,0.851999998092651,14.6370496749878,68,YES,NO
0.28099998831749,34,1.8289999961853,0,13.5344696044922,3894,YES,NO
0.300000011920929,35,-5.36600017547607,0,13.6279802322388,3894,YES,NO
0.39300000667572,42,8.33600044250488,0,13.6910800933838,3894,YES,NO
0.270000010728836,51,1.83700001239777,0,13.7809200286865,3894,YES,NO
0.200000002980232,51,1.15900003910065,0,13.8313798904419,3894,YES,NO
0.162000000476837,53,6.46299982070923,0,13.8709402084351,3894,YES,NO
0.115000002086163,60,3.14800000190735,0,13.9306201934814,3894,YES,NO
0.0390000008046627,21,3.33699989318848,0.75900000333786,17.5735397338867,248,YES,NO
0.0209999997168779,27,3.4760000705719,0.75900000333786,17.7340698242188,248,YES,NO
0.0219999998807907,41,4.23799991607666,0.75900000333786,17.8909397125244,310,YES,NO
0.0700000002980232,51,4.11600017547607,0.75900000333786,18.0136394500732,341,YES,NO
0.096000000834465,58,-1.48399996757507,0.75900000333786,18.1298694610596,341,YES,NO
0.0610000006854534,53,0.720000028610229,0.75900000333786,18.2402191162109,341,YES,NO
0.061999998986721,58,0.307000011205673,0.757000029087067,18.3330097198486,341,YES,NO
0.391999989748001,83,-0.172999992966652,0.451999992132187,14.6112098693848,1833,YES,NO
0.391999989748001,50,-4.85500001907349,0.412999987602234,14.7173004150391,1833,YES,NO
0.137999996542931,16,8.08500003814697,0.828999996185303,16.4050006866455,159,YES,NO
0.111000001430511,17,1.88999998569489,0.828999996185303,16.5440196990967,159,YES,NO
0.150000005960464,21,2.85599994659424,0.828999996185303,16.6665096282959,159,YES,YES
0.0979999974370003,32,4.52500009536743,0.828999996185303,16.7798595428467,106,YES,YES
0.100000001490116,42,0.153999999165535,0.828999996185303,16.8904209136963,106,YES,YES
0.0780000016093254,41,1.90100002288818,0.828999996185303,16.9953498840332,106,YES,NO
0.0700000002980232,44,-0.252999991178513,0.832000017166138,17.0935592651367,106,YES,NO
0.0989999994635582,3,1.85399997234344,0.625999987125397,15.9363298416138,3900,YES,YES
0.0989999994635582,5,3.36800003051758,0.625999987125397,16.0556907653809,3900,YES,YES
0.0989999994635582,4,-4.72499990463257,0.625999987125397,16.166690826416,4095,YES,YES
0.0989999994635582,8,-4.94700002670288,0.625999987125397,16.3083000183105,4290,YES,YES
0.0989999994635582,10,-4.17799997329712,0.625999987125397,16.4212303161621,4290,YES,YES
0.0989999994635582,10,0.291999995708466,0.625999987125397,16.4652996063232,4290,YES,YES
0.101999998092651,9,0.773999989032745,0.620999991893768,16.6732997894287,4290,YES,NO
0.140000000596046,20,5.45100021362305,0.628000020980835,17.0004997253418,1104,YES,YES
0.0489999987185001,25,0.143999993801117,0.628000020980835,17.115119934082,1104,YES,YES
0.0430000014603138,23,-0.096000000834465,0.628000020980835,17.2313003540039,1152,YES,YES
0.0780000016093254,22,3.87700009346008,0.628000020980835,17.3365898132324,1200,YES,YES
0.0419999994337559,24,3.41400003433228,0.628000020980835,17.4410190582275,1200,YES,YES
0.266999989748001,39,1.83299994468689,0.633000016212463,14.1170997619629,3400,YES,NO
0.266999989748001,57,-0.090999998152256,0.638999998569489,14.2505302429199,3400,YES,NO
0.0140000004321337,9,0.689000010490417,0.493999987840652,16.1519203186035,1610,YES,NO
0.00899999961256981,16,0.606000006198883,0.493999987840652,16.2447299957275,1610,YES,NO
0.00700000021606684,23,0.0599999986588955,0.493999987840652,16.3681507110596,1470,YES,NO
0.0329999998211861,33,5.66400003433228,0.493999987840652,16.4895191192627,1400,YES,NO
0.0209999997168779,37,0.962999999523163,0.493999987840652,16.6190490722656,1400,YES,NO
0.00300000002607703,46,2.31800007820129,0.493999987840652,16.7478809356689,1400,YES,NO
0.00700000021606684,49,2.40000009536743,0.512000024318695,16.881519317627,1400,YES,NO
0.138999998569489,64,3.92899990081787,0.495000004768372,16.3246994018555,649,NO,NO
0.150000005960464,81,4.36299991607666,0.495000004768372,16.3834590911865,649,NO,NO
0.181999996304512,92,2.17300009727478,0.495000004768372,16.430419921875,660,NO,NO
0.209000006318092,95,1.91199994087219,0.495000004768372,16.4652309417725,682,NO,NO
0.25900000333786,120,0.446999996900558,0.495000004768372,16.4891109466553,682,NO,NO
0.168999999761581,124,2.42899990081787,0.495000004768372,16.5203609466553,682,NO,NO
0.150000005960464,143,1.33000004291534,0.495000004768372,16.5537700653076,682,NO,NO
0.164000004529953,76,2.52699995040894,0.871999979019165,14.7817296981812,1482,YES,NO
0.166999995708466,78,0.782000005245209,0.871999979019165,14.8522500991821,1482,YES,NO
0.13400000333786,80,2.27999997138977,0.871999979019165,14.9427099227905,1596,YES,NO
0.187000006437302,82,-0.314000010490417,0.871999979019165,14.9511003494263,1748,YES,NO
0.188999995589256,84,1.98500001430511,0.871999979019165,15.0007600784302,1748,YES,NO
0.155000001192093,88,0.122000001370907,0.871999979019165,15.0282001495361,1748,YES,NO
0.152999997138977,118,1.81599998474121,0.874000012874603,15.094220161438,1748,YES,NO
0.231000006198883,15,6.70800018310547,0.702000021934509,14.3796901702881,180,YES,NO
0.187000006437302,19,0.98199999332428,0.702000021934509,14.5396699905396,180,YES,NO
0.196999996900558,23,1.40799999237061,0.702000021934509,14.7017498016357,180,YES,YES
0.165999993681908,40,-6.23600006103516,0.702000021934509,14.8458404541016,198,YES,YES
0.0930000022053719,22,-0.691999971866608,0.702000021934509,14.9795999526978,198,YES,YES
0.194000005722046,33,-6.48999977111816,0.702000021934509,15.1372699737549,198,YES,YES
0.209999993443489,43,2.23499989509583,0.697000026702881,15.2914199829102,198,YES,NO
0.0359999984502792,1,3.7279999256134,0.813000023365021,15.1335296630859,1825,NO,NO
0.0469999983906746,2,4.55600023269653,0.813000023365021,15.2376499176025,1825,NO,NO
0.0790000036358833,3,-6.01200008392334,0.813000023365021,15.363920211792,1752,NO,NO
0.224000006914139,7,3.69700002670288,0.813000023365021,15.5229797363281,1606,NO,NO
0.170000001788139,8,-4.97900009155273,0.813000023365021,15.6969604492188,1606,NO,NO
0.11599999666214,9,-2.79900002479553,0.813000023365021,15.8523101806641,1606,NO,NO
0.114000000059605,9,-2.40199995040894,0.814999997615814,16.0158405303955,1606,NO,NO
0.123000003397465,7,1.91600000858307,0.538999974727631,17.6547908782959,6090,NO,YES
0.0970000028610229,6,4.1269998550415,0.538999974727631,17.7898502349854,6090,NO,NO
0.212999999523163,8,9.6879997253418,0.538999974727631,17.9303302764893,6090,NO,NO
0.27700001001358,22,2.88199996948242,0.538999974727631,18.0802707672119,6090,NO,YES
0.159999996423721,38,-6.06199979782104,0.538999974727631,18.2367095947266,6090,NO,NO
0.381000012159348,26,-1.30299997329712,0.538999974727631,18.3819694519043,6090,NO,NO
0.38400000333786,33,-0.904999971389771,0.549000024795532,18.5275001525879,6090,NO,NO
0.100000001490116,66,4.28399991989136,0.75,15.1300401687622,16,NO,NO
0.0979999974370003,84,2.8989999294281,0.75,15.1705703735352,16,NO,NO
0.0970000028610229,88,3.91899991035461,0.75,15.2035503387451,20,NO,NO
0.216999992728233,92,4.33900022506714,0.75,15.2243003845215,20,NO,NO
0.238999992609024,95,3.05399990081787,0.75,15.2393398284912,20,NO,NO
0.216000005602837,101,1.0440000295639,0.75,15.2604303359985,20,NO,NO
0.187000006437302,119,2.87299990653992,0.757000029087067,15.2879800796509,20,NO,NO
0.685000002384186,2,1.41400003433228,0.888999998569489,13.6494598388672,72,YES,NO
0.607999980449677,17,-1.75499999523163,0.888999998569489,13.9117298126221,72,YES,NO
0.47299998998642,36,6.88100004196167,0.888999998569489,14.1498403549194,72,YES,NO
0.497000008821487,51,-3.67700004577637,0.888999998569489,14.3022499084473,72,YES,NO
0.416999995708466,68,0.569000005722046,0.888999998569489,14.5739803314209,72,YES,NO
0.0570000000298023,18,6.63500022888184,0.652999997138977,17.7778301239014,448,YES,NO
0.0299999993294477,20,2.92499995231628,0.652999997138977,17.9199199676514,448,YES,YES
0.0410000011324883,22,-2.17400002479553,0.652999997138977,18.0786590576172,448,YES,YES
0.0560000017285347,20,3.69000005722046,0.652999997138977,18.2292900085449,448,YES,NO
0.0320000015199184,24,2.56699991226196,0.652999997138977,18.3817291259766,448,YES,NO
0.028999999165535,30,1.99000000953674,0.652999997138977,18.5371398925781,448,YES,NO
0.104000002145767,32,4.91699981689453,0.680000007152557,14.0976800918579,676,YES,NO
0.104000002145767,36,4.98400020599365,0.680000007152557,14.2414302825928,676,YES,NO
0.148000001907349,52,2.19700002670288,0.680000007152557,14.3739795684814,702,YES,NO
0.0900000035762787,58,3.24499988555908,0.680000007152557,14.4864101409912,729,YES,NO
0.0529999993741512,57,0.620999991893768,0.680000007152557,14.5888500213623,729,YES,NO
0.0529999993741512,60,-3.83800005912781,0.680000007152557,14.6901502609253,729,YES,NO
0.0579999983310699,68,3.74699997901917,0.693000018596649,14.7828702926636,729,YES,NO
0.119000002741814,6,6.39099979400635,0.465000003576279,14.5800504684448,2346,YES,NO
0.111000001430511,11,2.18199992179871,0.465000003576279,14.7000999450684,2346,YES,NO
0.398000001907349,16,-0.232999995350838,0.465000003576279,14.819450378418,2300,YES,NO
0.407999992370605,15,-1.03999996185303,0.465000003576279,14.9423904418945,2208,YES,NO
0.284000009298325,15,-2.55299997329712,0.465000003576279,15.160719871521,2208,YES,NO
0.393999993801117,17,4.8600001335144,0.467999994754791,15.2745895385742,2208,YES,NO
0.118000000715256,13,1.63100004196167,0.870999991893768,14.5338401794434,126,NO,NO
0.0979999974370003,17,1.75300002098083,0.870999991893768,14.6703500747681,126,NO,NO
0.103000000119209,20,3.33599996566772,0.870999991893768,14.8020696640015,126,NO,NO
0.0599999986588955,27,8.61699962615967,0.870999991893768,14.958459854126,112,NO,NO
0.090999998152256,32,-4.02600002288818,0.870999991893768,15.1219501495361,112,NO,NO
0.164000004529953,30,0.532999992370605,0.870999991893768,15.2551097869873,112,NO,NO
0.0829999968409538,38,-0.0469999983906746,0.873000025749207,15.3899402618408,112,NO,NO
0.131999999284744,29,4.28200006484985,0.781000018119812,16.2549800872803,590,YES,NO
0.142000004649162,35,1.7960000038147,0.781000018119812,16.3952007293701,590,YES,NO
0.0780000016093254,50,2.90700006484985,0.781000018119812,16.5342407226562,590,YES,NO
0.129999995231628,63,-1.91600000858307,0.781000018119812,16.6659297943115,590,YES,YES
0.156000003218651,66,-2.28200006484985,0.781000018119812,16.7799091339111,590,YES,YES
0.123999997973442,69,-3.17899990081787,0.781000018119812,16.8841209411621,590,YES,YES
0.0719999969005585,72,3.05399990081787,0.778999984264374,16.985990524292,590,YES,YES
0.119999997317791,42,1.85300004482269,0.546999990940094,17.2821807861328,2100,NO,NO
0.145999997854233,46,2.42199993133545,0.546999990940094,17.4409198760986,2100,NO,YES
0.122000001370907,54,2.93799996376038,0.546999990940094,17.5790996551514,2175,NO,YES
0.112000003457069,60,2.90499997138977,0.546999990940094,17.6932907104492,2175,NO,YES
0.0649999976158142,64,-3.95300006866455,0.546999990940094,17.8167896270752,2175,NO,YES
0.0570000000298023,73,2.67899990081787,0.546999990940094,17.9522399902344,2175,NO,YES
0.0469999983906746,79,-0.0230000000447035,0.554000020027161,18.0678100585938,2175,NO,YES
0.0590000003576279,49,5.05999994277954,0.711000025272369,16.0269603729248,12,NO,NO
0.0549999997019768,63,6.34700012207031,0.711000025272369,16.0176296234131,12,NO,NO
0.0390000008046627,53,5.30399990081787,0.711000025272369,16.0230197906494,18,NO,NO
0.0529999993741512,34,2.89800000190735,0.711000025272369,16.0944194793701,22,NO,NO
0.0610000006854534,53,0.349999994039536,0.711000025272369,16.1192302703857,22,NO,NO
0.0560000017285347,62,7.77199983596802,0.711000025272369,16.1076393127441,22,NO,NO
0.0390000008046627,98,1.55799996852875,0.718999981880188,16.1107692718506,22,NO,NO
0.0540000014007092,44,6.28000020980835,0.238000005483627,16.7613697052002,936,YES,NO
0.0540000014007092,51,6.31400012969971,0.238000005483627,16.8238105773926,936,YES,NO
0.0989999994635582,64,8.37899971008301,0.238000005483627,16.8716297149658,936,YES,NO
0.103000000119209,73,2.90100002288818,0.238000005483627,16.9156494140625,962,YES,NO
0.0750000029802322,87,6.77199983596802,0.238000005483627,16.9389801025391,962,YES,YES
0.0399999991059303,92,-1.19799995422363,0.238000005483627,16.9599609375,962,YES,NO
0.0469999983906746,66,-1.32000005245209,0.24099999666214,16.9370403289795,962,YES,NO
0.109999999403954,3,-8.56099987030029,0.337000012397766,14.9733295440674,900,NO,NO
0.109999999403954,3,12.2880001068115,0.337000012397766,15.1313800811768,900,NO,NO
0.0799999982118607,3,-0.217999994754791,0.337000012397766,15.2934703826904,900,NO,NO
0.0670000016689301,4,3.35800004005432,0.337000012397766,15.4570302963257,900,NO,NO
0.0570000000298023,6,0.495999991893768,0.337000012397766,15.6165599822998,900,NO,NO
0.0469999983906746,9,-0.522000014781952,0.337000012397766,15.7548303604126,900,NO,YES
0.609000027179718,7,8.66800022125244,0.564999997615814,15.3826704025269,12,NO,NO
0.612999975681305,19,5.375,0.564999997615814,15.5638399124146,12,NO,NO
0.742999970912933,28,8.03600025177002,0.564999997615814,15.7966499328613,18,NO,NO
0.935000002384186,36,3.20499992370605,0.564999997615814,16.0532398223877,18,NO,NO
0.30799999833107,48,-10.0640001296997,0.564999997615814,16.3315105438232,18,NO,NO
0.428000003099442,49,-3.24799990653992,0.564999997615814,16.5757102966309,18,NO,NO
0.344999998807907,62,-1.58700001239777,0.564999997615814,16.7588405609131,18,NO,NO
0.153999999165535,10,1.75499999523163,0.836000025272369,15.1036396026611,1440,NO,NO
0.150999993085861,14,0.0520000010728836,0.836000025272369,15.2405395507812,1440,NO,NO
0.207000002264977,14,-0.405000001192093,0.836000025272369,15.3853797912598,1368,NO,NO
0.13400000333786,15,0.194999992847443,0.836000025272369,15.5271396636963,1296,NO,NO
0.20100000500679,18,0.504999995231628,0.836000025272369,15.6678895950317,1296,NO,NO
0.105999998748302,21,-0.312000006437302,0.836000025272369,15.8070802688599,1296,NO,NO
0.0540000014007092,20,-0.458999991416931,0.842000007629395,15.9332103729248,1296,NO,NO
0.0879999995231628,12,5.06400012969971,0.695999979972839,14.792329788208,5159,NO,NO
0.0949999988079071,16,-3.57699990272522,0.695999979972839,14.8908500671387,5005,NO,NO
0.0719999969005585,20,-1.04299998283386,0.695999979972839,14.9898500442505,4851,NO,NO
0.0740000009536743,18,-4.59899997711182,0.695999979972839,15.0922698974609,4851,NO,NO
0.119999997317791,22,-0.0890000015497208,0.695999979972839,15.2015600204468,4851,NO,YES
0.418999999761581,19,0.432000011205673,0.00600000005215406,12.5208797454834,1050,YES,NO
0.314000010490417,17,3.78200006484985,0.00600000005215406,12.676079750061,1050,YES,NO
0.319999992847443,21,2.3970000743866,0.00499999988824129,12.8426504135132,1050,YES,NO
0.126000002026558,4,-2.79800009727478,0.568000018596649,15.2598400115967,504,NO,NO
0.090999998152256,8,-0.809000015258789,0.568000018596649,15.3822498321533,504,NO,NO
0.120999999344349,9,-2.86700010299683,0.568000018596649,15.5149698257446,504,NO,NO
0.217999994754791,11,-1.40100002288818,0.568000018596649,15.7195596694946,513,NO,YES
0.103000000119209,9,-2.60899996757507,0.568000018596649,15.8791999816895,513,NO,YES
0.0799999982118607,16,3.55299997329712,0.792999982833862,16.7825908660889,176,NO,NO
0.0640000030398369,18,4.35699987411499,0.792999982833862,16.8932800292969,176,NO,NO
0.0780000016093254,20,1.84800004959106,0.792999982833862,16.9986305236816,88,NO,NO
0.122000001370907,63,-0.45100000500679,0.792999982833862,17.3405990600586,88,NO,NO
0.0570000000298023,77,-0.600000023841858,0.792999982833862,17.4252395629883,88,NO,NO
0.025000000372529,46,7.65799999237061,0.783999979496002,17.2830295562744,264,YES,NO
0.0299999993294477,64,4.93200016021729,0.783999979496002,17.3353500366211,264,YES,NO
0.0219999998807907,74,4.21999979019165,0.783999979496002,17.3854694366455,264,YES,NO
0.0280000008642673,85,0.416000008583069,0.783999979496002,17.4368095397949,308,YES,NO
0.0430000014603138,95,0.391000002622604,0.783999979496002,17.4637794494629,308,YES,NO
0.0270000007003546,101,4.80600023269653,0.783999979496002,17.4748592376709,308,YES,NO
0.034000001847744,112,1.13199996948242,0.785000026226044,17.4844398498535,308,YES,NO
0.222000002861023,34,-1.31299996376038,0.476999998092651,16.2282009124756,2976,YES,NO
0.142000004649162,46,1.057000041008,0.476999998092651,16.3425197601318,2976,YES,YES
0.129999995231628,47,0.665000021457672,0.476999998092651,16.4179000854492,3024,YES,NO
0.210999995470047,52,4.81799983978271,0.476999998092651,16.5059394836426,3024,YES,YES
0.137999996542931,60,4.47499990463257,0.476999998092651,16.57785987854,3024,YES,YES
0.0979999974370003,71,0.493000000715256,0.476999998092651,16.6483097076416,3024,YES,YES
0.0700000002980232,71,3.53299999237061,0.47299998998642,16.7122001647949,3024,YES,YES
0.0979999974370003,19,-0.570999979972839,0.621999979019165,16.5888500213623,3922,YES,NO
0.0860000029206276,20,1.73599994182587,0.621999979019165,16.7430191040039,3922,YES,YES
0.0390000008046627,23,-1.81200003623962,0.621999979019165,16.8817901611328,3922,YES,YES
0.046000000089407,25,-0.879000008106232,0.621999979019165,16.9960994720459,3922,YES,YES
0.368999987840652,23,2.72099995613098,0.810000002384186,12.7128896713257,4898,YES,NO
0.474000006914139,37,5.35799980163574,0.810000002384186,12.8266496658325,4898,YES,NO
0.523000001907349,41,-4.03800010681152,0.810000002384186,12.8062801361084,4650,YES,NO
0.561999976634979,47,8.63300037384033,0.810000002384186,12.7832803726196,4402,YES,NO
0.568000018596649,9,6.23999977111816,0.146999999880791,12.8212604522705,2240,YES,NO
0.568000018596649,21,7.90100002288818,0.146999999880791,12.9456300735474,2240,YES,NO
0.546000003814697,35,0.314000010490417,0.146999999880791,13.0857000350952,2280,YES,NO
0.486999988555908,39,3.46300005912781,0.146999999880791,13.2445802688599,2320,YES,NO
0.444000005722046,40,-6.59800004959106,0.146999999880791,13.3984804153442,2320,YES,NO
0.400000005960464,45,3.49699997901917,0.146999999880791,13.5541496276855,2320,YES,NO
0.400000005960464,41,-0.10700000077486,0.177000001072884,13.7101497650146,2320,YES,NO
0.0579999983310699,63,4.27699995040894,0.73199999332428,15.8611402511597,369,NO,NO
0.0509999990463257,87,2.70900011062622,0.73199999332428,15.9003095626831,369,NO,NO
0.0520000010728836,75,2.09999990463257,0.73199999332428,15.9187898635864,387,NO,NO
0.0509999990463257,83,0.815999984741211,0.73199999332428,15.9329700469971,405,NO,NO
0.0590000003576279,91,1.53699994087219,0.73199999332428,15.9377698898315,405,NO,NO
0.0390000008046627,88,1.86000001430511,0.73199999332428,15.9624900817871,405,NO,NO
0.0450000017881393,130,-0.476999998092651,0.741999983787537,15.9937801361084,405,NO,NO
0.0209999997168779,38,3.39499998092651,0.697000026702881,15.5829801559448,2652,YES,NO
0.0219999998807907,92,0.772000014781952,0.697000026702881,15.682689666748,2652,YES,NO
0.0179999992251396,83,2.09400010108948,0.697000026702881,15.719409942627,2652,YES,NO
0.017000000923872,94,-1.03799998760223,0.694000005722046,15.7672595977783,2652,YES,NO
0.104000002145767,43,4.88800001144409,0.462999999523163,15.4879198074341,462,YES,NO
0.0860000029206276,54,2.63299989700317,0.462999999523163,15.6492099761963,462,YES,NO
0.126000002026558,57,9.51200008392334,0.462999999523163,15.8221101760864,462,YES,NO
0.148000001907349,57,3.81599998474121,0.462999999523163,15.9792900085449,440,YES,NO
0.0879999995231628,68,-1.04299998283386,0.462999999523163,16.1522998809814,440,YES,NO
0.187999993562698,60,-1.68700003623962,0.462999999523163,16.3100395202637,440,YES,NO
0.195999994874001,47,5.04500007629395,0.462999999523163,16.4625396728516,440,YES,NO
0.19200000166893,3,3.01999998092651,0.577000021934509,16.2819995880127,6882,NO,NO
0.157000005245209,4,2.6710000038147,0.577000021934509,16.4324703216553,6882,NO,NO
0.111000001430511,4,3.65400004386902,0.577000021934509,16.5818290710449,6882,NO,NO
0.0879999995231628,4,-1.17299997806549,0.577000021934509,16.7376499176025,6975,NO,NO
0.0309999994933605,4,-0.293999999761581,0.577000021934509,16.8966407775879,6975,NO,NO
0.138999998569489,8,5.73999977111816,0.524999976158142,14.3022499084473,4260,NO,NO
0.203999996185303,11,4.68300008773804,0.524999976158142,14.5186100006104,4260,NO,NO
0.189999997615814,29,0,0.524999976158142,14.6418800354004,4544,NO,NO
0.263000011444092,51,3.35899996757507,0.524999976158142,14.7767696380615,4757,NO,NO
0.23199999332428,32,-2.75300002098083,0.524999976158142,14.9234104156494,4757,NO,NO
0.145999997854233,35,0.125,0.524999976158142,15.0751104354858,4757,NO,NO
0.115000002086163,41,-5.7020001411438,0.53600001335144,15.2289304733276,4757,NO,NO
0.474999994039536,39,2.66199994087219,0.564000010490417,13.7056999206543,4047,YES,NO
0.50900000333786,40,1.11000001430511,0.564000010490417,13.7860803604126,4047,YES,NO
0.680000007152557,45,3.24000000953674,0.564000010490417,13.8274402618408,4047,YES,NO
0.620999991893768,70,6.86499977111816,0.564000010490417,13.8943195343018,4047,YES,NO
0.238999992609024,81,-2.98399996757507,0.564000010490417,13.9793300628662,4047,YES,NO
0.300000011920929,72,-4.45499992370605,0.564000010490417,14.0273895263672,4047,YES,NO
0.264999985694885,66,1.2940000295639,0.552999973297119,14.0678195953369,4047,YES,NO
0.0970000028610229,23,2.31299996376038,0.638000011444092,15.3480701446533,48,NO,NO
0.101999998092651,33,3.08299994468689,0.638000011444092,15.4500303268433,48,NO,NO
0.158999994397163,28,7.03599977493286,0.638000011444092,15.5402402877808,48,NO,NO
0.164000004529953,34,4.18400001525879,0.638000011444092,15.6693096160889,32,NO,NO
0.108999997377396,46,1.74899995326996,0.638000011444092,15.7988700866699,32,NO,NO
0.0860000029206276,50,1.07299995422363,0.638000011444092,15.914999961853,32,NO,NO
0.063000001013279,63,1.6360000371933,0.638000011444092,16.0112895965576,32,NO,NO
0.0529999993741512,22,2.21499991416931,0.421999990940094,17.2543601989746,400,YES,NO
0.0419999994337559,38,3.8989999294281,0.421999990940094,17.3799896240234,400,YES,NO
0.0299999993294477,40,5.07499980926514,0.421999990940094,17.5050106048584,400,YES,NO
0.0370000004768372,44,0.252000004053116,0.421999990940094,17.6106395721436,400,YES,NO
0.0590000003576279,52,1.36500000953674,0.421999990940094,17.7332401275635,400,YES,NO
0.0379999987781048,57,3.90799999237061,0.421999990940094,17.8431091308594,400,YES,YES
0.0329999998211861,67,1.14300000667572,0.44200000166893,17.9368896484375,400,YES,YES
0.0209999997168779,67,2.36400008201599,0.699000000953674,17.8109607696533,99,YES,NO
0.0260000005364418,74,2.11800003051758,0.699000000953674,17.8342704772949,99,YES,NO
0.0320000015199184,82,1.73800003528595,0.699000000953674,17.8448905944824,99,YES,NO
0.0560000017285347,82,1.75699996948242,0.699000000953674,17.8467407226562,99,YES,NO
0.0719999969005585,82,2.00099992752075,0.699000000953674,17.8530197143555,99,YES,NO
0.0359999984502792,83,3.24600005149841,0.699000000953674,17.8683605194092,99,YES,NO
0.0379999987781048,123,0.755999982357025,0.695999979972839,17.8863506317139,99,YES,NO
0.0659999996423721,95,3.27800011634827,0.90200001001358,18.7500591278076,3015,YES,NO
0.0659999996423721,96,2.82999992370605,0.90200001001358,18.7843399047852,3015,YES,NO
0.156000003218651,6,0.527999997138977,0.508000016212463,15.9008102416992,6210,NO,YES
0.13400000333786,6,1.04700005054474,0.508000016212463,16.0991191864014,6210,NO,NO
0.109999999403954,6,-0.916999995708466,0.508000016212463,16.2338790893555,6030,NO,NO
0.273000001907349,7,-2.92199993133545,0.508000016212463,16.3654899597168,5940,NO,YES
0.155000001192093,10,0.223000004887581,0.508000016212463,16.46409034729,5940,NO,YES
0.0700000002980232,17,0.512000024318695,0.508000016212463,16.6085090637207,5940,NO,NO
0.0520000010728836,15,2.57100009918213,0.518999993801117,16.7687492370605,5940,NO,NO
0.0850000008940697,42,-1.40900003910065,0.690999984741211,14.806170463562,1050,YES,NO
0.0799999982118607,54,2.16599988937378,0.690999984741211,14.8479795455933,1050,YES,NO
0.0759999975562096,58,0.897000014781952,0.690999984741211,14.855429649353,1050,YES,NO
0.0649999976158142,61,3.33100008964539,0.690999984741211,14.8850402832031,1071,YES,NO
0.116999998688698,72,-4.97900009155273,0.690999984741211,14.9167900085449,1071,YES,NO
0.123999997973442,81,2.96000003814697,0.690999984741211,14.9449701309204,1071,YES,NO
0.0719999969005585,74,3.23900008201599,0.691999971866608,14.9736499786377,1071,YES,NO
0.0780000016093254,21,-1.73500001430511,0.00499999988824129,11.9002304077148,1974,YES,NO
0.0970000028610229,23,-1.84800004959106,0.00600000005215406,12.0340995788574,1974,YES,NO
0.28600001335144,27,3.3989999294281,0.866999983787537,16.023120880127,121,NO,NO
0.233999997377396,33,0.632000029087067,0.866999983787537,16.1877193450928,121,NO,NO
0.273999989032745,40,-0.929000020027161,0.866999983787537,16.359790802002,121,NO,NO
0.273000001907349,18,0,0.866999983787537,16.5149192810059,121,NO,NO
0.232999995350838,21,-3.46099996566772,0.866999983787537,16.656810760498,121,NO,NO
0.333000004291534,29,-0.554000020027161,0.866999983787537,16.7860298156738,121,NO,NO
0.210999995470047,29,1.99800002574921,0.86599999666214,16.8994407653809,121,NO,NO
0.0759999975562096,8,2.27800011634827,0.614000022411346,16.6810207366943,5940,NO,YES
0.140000000596046,13,4.49200010299683,0.614000022411346,16.824649810791,5940,NO,NO
0.0780000016093254,23,-1.48199999332428,0.614000022411346,16.9618606567383,5850,NO,NO
0.112000003457069,35,-5.8270001411438,0.614000022411346,17.1116790771484,5850,NO,NO
0.130999997258186,32,-1.48199999332428,0.614000022411346,17.2716102600098,5850,NO,NO
0.141000002622604,31,-3.28800010681152,0.614000022411346,17.4373092651367,5850,NO,YES
0.141000002622604,32,-10.4849996566772,0.632000029087067,17.5962390899658,5850,NO,YES
0.495999991893768,11,2.79999995231628,0.574000000953674,15.1003303527832,5494,NO,NO
0.555000007152557,17,0.126000002026558,0.574000000953674,15.2479696273804,5494,NO,NO
0.328000009059906,20,2.26600003242493,0.574000000953674,15.3926296234131,5576,NO,NO
0.372000008821487,22,-5.06699991226196,0.574000000953674,15.5626201629639,5576,NO,NO
0.365000009536743,25,-3.67499995231628,0.574000000953674,15.7176198959351,5576,NO,NO
0.298000007867813,34,-3.375,0.580999970436096,16.0105094909668,5576,NO,NO
0.264999985694885,8,-0.888999998569489,0.476000010967255,15.2904996871948,3080,YES,NO
0.150999993085861,9,2.68600010871887,0.476000010967255,15.4735498428345,3080,YES,YES
0.164000004529953,10,4.41099977493286,0.476000010967255,15.6180400848389,3135,YES,YES
0.163000002503395,8,-2.2409999370575,0.476000010967255,15.7627096176147,3245,YES,NO
0.145999997854233,50,0.165000006556511,0.476000010967255,15.9340496063232,3245,YES,NO
0.146999999880791,53,-0.566999971866608,0.476000010967255,16.0924701690674,3245,YES,NO
0.174999997019768,47,-0.358999997377396,0.488999992609024,16.2144107818604,3245,YES,NO
